tamanho do vetor,número de processos,tempo,tempo_1_processo
10000,2,0.02135875,0.045556
10000,4,0.0191848,0.045556
20000,2,0.0371571,0.057162
20000,4,0.03230015,0.057162
40000,2,0.068283,0.072138
40000,4,0.065373549,0.072138





